Season,Name,Tm,G,PA,AB,H,1B,2B,3B,HR,R,RBI,BB,IBB,SO,HBP,SF,SH,GDP,SB,CS,AVG,playerId
2020,"Todd Frazier","2 Tms",26,64,58,17,10,5,0,2,7,6,5,0,13,1,0,0,0,1,1,0.293103448,785
2020,"Albert Pujols","LAA",30,66,65,15,9,4,0,2,6,9,1,0,11,0,0,0,1,0,0,0.23076923,1177
2020,"Wilson Ramos","NYM",24,46,40,11,8,2,0,1,4,3,6,0,7,0,0,0,1,0,0,0.275,1433
2020,"Miguel Cabrera","DET",22,41,35,14,10,2,0,2,6,8,6,0,6,0,0,0,0,0,0,0.4,1744
2020,"David Peralta","ARI",25,50,46,12,11,0,0,1,2,7,3,0,11,0,1,0,0,0,0,0.260869565,2136
2020,"Edwin Encarnacion","CHW",21,41,33,4,0,1,0,3,7,3,6,0,12,1,0,0,0,0,0,0.121212121,2151
2020,"Carlos Santana","CLE",38,66,61,15,8,4,0,3,10,12,5,0,11,0,0,0,1,0,0,0.245901639,2396
2020,"Nelson Cruz","MIN",26,51,43,20,13,1,0,6,10,11,7,3,4,1,0,0,3,0,0,0.465116279,2434
2020,"Manny Pina","MIL",11,22,19,4,3,1,0,0,0,1,2,0,4,1,0,0,0,0,0,0.210526315,2829
2020,"Roberto Perez","CLE",17,28,26,4,2,2,0,0,1,2,2,0,11,0,0,0,1,0,0,0.153846153,2900
2020,"Tommy Pham","SDP",21,35,30,9,5,2,0,2,6,4,5,0,7,0,0,0,0,3,0,0.3,2967
2020,"Mitch Moreland","2 Tms",18,27,25,6,4,1,0,1,1,4,1,0,8,1,0,0,0,0,0,0.24,3086
2020,"Robinson Chirinos","2 Tms",16,32,27,7,4,2,0,1,3,4,4,0,5,1,0,0,5,0,0,0.259259259,3142
2020,"Shin-Soo Choo","TEX",21,38,36,8,6,1,0,1,5,4,1,0,7,1,0,0,0,2,0,0.222222222,3174
2020,"Robinson Cano","NYM",31,57,53,14,6,4,0,4,7,9,3,0,8,1,0,0,1,0,0,0.264150943,3269
2020,"Matt Joyce","MIA",10,13,13,2,2,0,0,0,0,1,0,0,2,0,0,0,0,0,0,0.153846153,3353
2020,"Ryan Braun","MIL",26,48,43,10,8,0,0,2,3,6,4,0,9,0,0,0,1,0,0,0.232558139,3410
2020,"Drew Butera","COL",11,23,21,3,1,2,0,0,2,4,1,0,6,0,1,0,3,0,0,0.142857142,3411
2020,"Jeff Mathis","TEX",10,17,15,1,1,0,0,0,2,1,1,0,7,0,1,0,0,1,0,0.066666666,3448
2020,"Anthony Rizzo","CHC",36,60,49,10,9,0,0,1,7,5,8,0,9,3,0,0,3,1,0,0.204081632,3473
2020,"Eric Hosmer","SDP",26,53,49,10,6,2,0,2,6,10,2,0,9,1,1,0,1,2,0,0.204081632,3516
2020,"Eric Thames","WSN",18,25,22,4,2,1,0,1,2,2,3,0,6,0,0,0,0,0,0,0.181818181,3711
2020,"Josh Reddick","HOU",40,72,65,17,9,7,0,1,6,10,7,0,16,0,0,0,1,1,0,0.261538461,3892
2020,"Dexter Fowler","STL",11,18,17,2,2,0,0,0,1,1,1,0,5,0,0,0,1,0,0,0.117647058,4062
2020,"Michael Brantley","HOU",26,55,52,12,7,4,0,1,6,4,3,0,10,0,0,0,2,0,0,0.23076923,4106
2020,"Howie Kendrick","WSN",12,26,25,5,3,0,0,2,5,5,1,0,3,0,0,0,2,0,0,0.2,4229
2020,"Joey Votto","CIN",37,58,45,8,6,0,0,2,8,2,13,0,13,0,0,0,2,0,0,0.177777777,4314
2020,"Daniel Murphy","COL",21,35,35,7,6,1,0,0,3,3,0,0,8,0,0,0,1,0,0,0.2,4316
2020,"Erik Kratz","NYY",7,11,11,4,2,2,0,0,2,1,0,0,3,0,0,0,0,0,0,0.363636363,4403
2020,"Starlin Castro","WSN",8,17,16,8,5,2,1,0,4,1,1,0,3,0,0,0,0,0,0,0.5,4579
2020,"Mike Moustakas","CIN",29,47,42,9,5,3,0,1,4,7,4,0,10,1,0,0,2,1,0,0.214285714,4892
2020,"Ender Inciarte","ATL",19,25,23,5,4,0,0,1,7,1,2,0,7,0,0,0,0,0,0,0.217391304,4922
2020,"Jason Heyward","CHC",24,42,36,6,3,2,0,1,2,6,5,0,10,0,1,0,0,1,0,0.166666666,4940
2020,"Giancarlo Stanton","NYY",13,21,17,3,1,1,0,1,3,2,4,0,8,0,0,0,1,1,0,0.176470588,4949
2020,"Asdrubal Cabrera","WSN",28,54,51,16,7,3,2,4,10,11,1,0,6,0,2,0,1,0,0,0.31372549,4962
2020,"Stephen Vogt","ARI",8,11,9,1,1,0,0,0,0,0,2,0,2,0,0,0,0,0,0,0.111111111,5000
2020,"Josh Donaldson","MIN",14,22,15,1,0,0,0,1,3,1,6,1,5,1,0,0,2,0,0,0.066666666,5038
2020,"Alex Gordon","KCR",21,30,28,6,6,0,0,0,1,1,1,0,5,1,0,0,0,0,0,0.214285714,5209
2020,"Justin Upton","LAA",29,68,64,14,6,2,0,6,10,10,4,0,22,0,0,0,1,0,1,0.21875,5222
2020,"Cameron Maybin","2 Tms",13,22,19,5,3,2,0,0,1,1,3,0,3,0,0,0,1,2,0,0.263157894,5223
2020,"Justin Turner","LAD",27,58,47,11,8,1,0,2,10,7,8,0,10,2,1,0,2,1,0,0.234042553,5235
2020,"Robbie Grossman","OAK",17,24,20,2,1,0,1,0,1,1,4,0,6,0,0,0,1,1,0,0.1,5254
2020,"Sandy Leon","CLE",13,18,14,2,2,0,0,0,0,0,4,0,2,0,0,0,0,0,0,0.142857142,5273
2020,"Francisco Cervelli","MIA",10,19,19,4,2,1,0,1,2,1,0,0,7,0,0,0,1,0,0,0.210526315,5275
2020,"Aaron Hicks","NYY",31,54,45,11,7,2,0,2,6,7,9,0,7,0,0,0,1,0,0,0.244444444,5297
2020,"Brandon Crawford","SFG",20,37,31,7,5,2,0,0,4,0,5,0,7,1,0,0,0,0,0,0.225806451,5343
2020,"Freddie Freeman","ATL",34,62,53,13,9,3,0,1,9,8,9,0,13,0,0,0,5,0,0,0.245283018,5361
2020,"Pablo Sandoval","2 Tms",10,14,10,3,3,0,0,0,1,0,3,0,4,1,0,0,0,0,0,0.3,5409
2020,"Jose Altuve","HOU",25,54,48,8,6,1,0,1,7,3,6,0,13,0,0,0,1,0,2,0.166666666,5417
2020,"Ji Man Choi","TBR",14,19,17,2,1,0,0,1,1,3,2,0,8,0,0,0,0,0,0,0.117647058,5452
2020,"Austin Romine","DET",15,23,22,7,6,0,0,1,2,4,1,0,2,0,0,0,1,0,0,0.318181818,5491
2020,"Marwin Gonzalez","MIN",33,67,60,13,11,2,0,0,3,6,4,0,13,1,2,0,0,0,0,0.216666666,5497
2020,"Kyle Higashioka","NYY",9,16,16,2,2,0,0,0,0,0,0,0,1,0,0,0,0,0,0,0.125,5517
2020,"Matt Kemp","COL",29,56,50,15,10,3,0,2,10,9,6,1,16,0,0,0,1,1,0,0.3,5631
2020,"Steven Souza Jr.","CHC",7,13,10,2,1,1,0,0,2,2,3,0,6,0,0,0,0,1,0,0.2,5667
2020,"Avisail Garcia","MIL",34,67,55,16,9,6,0,1,7,9,11,2,16,1,0,0,0,1,1,0.29090909,5760
2020,"Wilmer Flores","SFG",33,67,62,17,7,3,0,7,12,17,4,1,17,0,1,0,1,0,0,0.274193548,5827
2020,"Nick Markakis","ATL",16,18,16,6,5,1,0,0,1,2,2,0,3,0,0,0,1,0,0,0.375,5930
2020,"Jean Segura","PHI",30,62,55,15,10,2,0,3,7,10,7,2,13,0,0,0,2,1,1,0.272727272,5933
2020,"Didi Gregorius","PHI",37,71,64,13,6,1,2,4,8,12,3,0,12,1,2,1,0,0,1,0.203125,6012
2020,"Eduardo Escobar","ARI",28,66,61,13,9,3,0,1,3,4,4,1,8,0,1,0,1,0,0,0.213114754,6153
2020,"J.D. Martinez","BOS",29,63,56,12,6,4,0,2,8,8,5,1,15,1,1,0,1,1,0,0.214285714,6184
2020,"Freddy Galvis","CIN",30,37,35,8,5,1,0,2,4,4,2,0,8,0,0,0,1,0,0,0.228571428,6609
2020,"Martin Maldonado","HOU",29,53,43,12,8,2,0,2,4,12,8,0,14,1,0,1,1,1,0,0.279069767,6887
2020,"Yadier Molina","STL",17,30,26,5,2,1,0,2,4,5,3,0,5,1,0,0,1,0,0,0.192307692,7007
2020,"Logan Forsythe","MIA",9,15,14,3,1,1,0,1,2,1,1,0,6,0,0,0,0,0,0,0.214285714,7185
2020,"Matt Davidson","CIN",19,31,28,6,2,1,0,3,3,10,3,0,9,0,0,0,2,0,0,0.214285714,7226
2020,"Salvador Perez","KCR",19,37,35,9,3,3,0,3,5,8,1,0,8,1,0,0,0,0,0,0.257142857,7304
2020,"Alex Avila","MIN",10,15,12,3,3,0,0,0,1,1,1,0,3,2,0,0,0,0,0,0.25,7476
2020,"Travis d'Arnaud","ATL",19,37,34,8,8,0,0,0,2,3,2,0,11,0,1,0,2,0,0,0.235294117,7739
2020,"Miguel Rojas","MIA",19,39,36,18,9,6,1,2,9,8,2,0,1,1,0,0,0,0,1,0.5,7802
2020,"Charlie Blackmon","COL",43,87,80,30,23,5,0,2,8,16,6,0,11,0,1,0,3,1,0,0.375,7859
2020,"Eric Sogard","MIL",12,14,11,2,2,0,0,0,3,2,3,0,3,0,0,0,0,0,0,0.181818181,7927
2020,"Jose A. Martinez","2 Tms",28,50,46,8,3,4,0,1,6,4,4,0,17,0,0,0,1,0,0,0.173913043,7996
2020,"Matt Carpenter","STL",16,25,21,4,2,2,0,0,2,6,3,0,7,1,0,0,0,0,0,0.19047619,8090
2020,"Josh Harrison","WSN",22,39,36,10,6,2,0,2,3,7,1,0,5,1,1,0,0,0,1,0.277777777,8202
2020,"Dee Strange-Gordon","SEA",15,27,26,2,1,1,0,0,2,0,0,0,6,1,0,0,1,0,1,0.076923076,8203
2020,"Hunter Pence","SFG",14,30,28,3,0,0,1,2,3,6,2,0,8,0,0,0,2,0,0,0.107142857,8252
2020,"Kurt Suzuki","WSN",17,35,29,10,6,3,0,1,3,8,2,0,3,3,1,0,0,0,0,0.344827586,8259
2020,"Ehire Adrianza","MIN",26,44,37,6,3,3,0,0,4,2,6,0,8,1,0,0,1,0,0,0.162162162,8418
2020,"Donovan Solano","SFG",31,63,60,21,15,5,0,1,7,3,3,0,8,0,0,0,2,0,0,0.35,8623
2020,"Elvis Andrus","TEX",18,35,34,7,4,2,0,1,4,2,1,0,6,0,0,0,3,2,0,0.205882352,8709
2020,"Jason Castro","2 Tms",19,22,18,3,2,1,0,0,0,1,4,0,10,0,0,0,0,0,0,0.166666666,8722
2020,"Justin Smoak","MIL",16,26,24,4,2,2,0,0,1,2,2,0,3,0,0,0,1,0,0,0.166666666,9054
2020,"Khris Davis","OAK",18,41,33,10,7,3,0,0,5,5,5,0,7,2,1,0,1,0,0,0.303030303,9112
2020,"Tyler Flowers","ATL",11,21,17,2,1,1,0,0,0,2,3,0,12,1,0,0,0,0,0,0.117647058,9134
2020,"Paul Goldschmidt","STL",20,37,28,8,4,2,0,2,5,6,9,0,8,0,0,0,0,0,0,0.285714285,9218
2020,"Starling Marte","2 Tms",31,68,62,18,14,4,0,0,7,4,4,1,6,2,0,0,2,2,1,0.29032258,9241
2020,"AJ Pollock","LAD",29,60,55,19,7,5,0,7,13,15,3,1,9,0,2,0,2,1,0,0.345454545,9256
2020,"Josh Phegley","CHC",9,12,12,1,0,0,0,1,2,2,0,0,3,0,0,0,0,0,0,0.083333333,9308
2020,"Brock Holt","2 Tms",8,14,14,5,2,3,0,0,2,0,0,0,5,0,0,0,0,0,0,0.357142857,9345
2020,"Evan Longoria","SFG",29,56,52,16,11,2,0,3,9,8,3,0,9,0,1,0,4,0,0,0.307692307,9368
2020,"Dustin Garneau","HOU",7,11,9,1,1,0,0,0,0,0,2,0,3,0,0,0,1,0,0,0.111111111,9433
2020,"Yan Gomes","WSN",16,29,26,8,4,1,1,2,3,8,1,0,2,0,2,0,0,0,0,0.307692307,9627
2020,"Christian Vazquez","BOS",31,61,55,13,8,1,0,4,9,13,6,0,14,0,0,0,3,2,1,0.236363636,9774
2020,"Jason Kipnis","CHC",18,30,22,2,0,2,0,0,1,0,8,0,5,0,0,0,0,0,0,0.09090909,9776
2020,"Nolan Arenado","COL",32,56,53,14,9,4,0,1,8,6,2,0,7,0,1,0,3,0,0,0.264150943,9777
2020,"Kyle Seager","SEA",36,75,65,12,6,3,0,3,8,11,7,0,14,2,1,0,0,2,0,0.184615384,9785
2020,"Brian Dozier","NYM",6,14,13,1,1,0,0,0,0,0,1,0,4,0,0,0,1,0,0,0.076923076,9810
2020,"Andrew McCutchen","PHI",32,71,60,17,9,4,0,4,12,11,10,0,14,1,0,0,1,1,0,0.283333333,9847
2020,"DJ LeMahieu","NYY",21,44,40,16,11,4,1,0,7,4,4,0,2,0,0,0,1,0,0,0.4,9874
2020,"Jay Bruce","PHI",12,18,18,2,1,1,0,0,1,1,0,0,7,0,0,0,0,0,0,0.111111111,9892
2020,"Brett Gardner","NYY",15,23,21,4,4,0,0,0,1,0,2,0,6,0,0,0,0,0,0,0.19047619,9927
2020,"Darin Ruf","SFG",34,65,58,15,6,5,0,4,6,8,7,0,14,0,0,0,1,0,0,0.258620689,9929
2020,"Chris Owings","COL",11,21,20,5,4,0,0,1,4,1,1,0,6,0,0,0,0,0,0,0.25,10030
2020,"Wil Myers","SDP",34,70,64,21,10,6,0,5,12,12,6,0,16,0,0,0,0,0,1,0.328125,10047
2020,"Max Stassi","LAA",24,52,44,13,7,1,0,5,7,12,6,0,7,0,2,0,3,0,0,0.295454545,10059
2020,"Jonathan Villar","2 Tms",29,64,62,15,12,2,0,1,1,3,2,0,13,0,0,0,2,5,3,0.241935483,10071
2020,"Mike Trout","LAA",30,63,53,13,9,1,0,3,11,10,8,1,17,1,1,0,1,0,0,0.245283018,10155
2020,"Billy Hamilton","2 Tms",9,12,11,1,0,0,0,1,5,1,1,0,5,0,0,0,0,2,1,0.09090909,10199
2020,"Tucker Barnhart","CIN",19,22,19,1,0,1,0,0,1,2,3,0,7,0,0,0,1,0,0,0.052631578,10200
2020,"Jose Iglesias","BAL",14,33,32,12,10,1,0,1,3,3,0,0,2,1,0,0,1,0,0,0.375,10231
2020,"Randal Grichuk","TOR",31,64,61,20,12,4,0,4,9,9,3,0,11,0,0,0,1,0,0,0.327868852,10243
2020,"Brandon Belt","SFG",18,32,26,3,1,1,0,1,2,6,6,0,9,0,0,0,0,0,0,0.115384615,10264
2020,"Danny Santana","TEX",8,20,19,2,0,1,0,1,2,2,0,0,10,0,1,0,1,0,0,0.105263157,10322
2020,"Marcell Ozuna","ATL",28,54,45,16,7,2,0,7,11,19,9,2,11,0,0,0,1,0,0,0.355555555,10324
2020,"Domingo Santana","CLE",14,21,18,1,1,0,0,0,1,0,3,0,7,0,0,0,0,0,0,0.055555555,10348
2020,"Adeiny Hechavarria","ATL",8,11,11,3,2,1,0,0,0,0,0,0,2,0,0,0,0,0,0,0.272727272,10459
2020,"Enrique Hernandez","LAD",29,50,46,10,5,3,0,2,4,6,2,0,10,1,1,0,3,0,0,0.217391304,10472
2020,"Cesar Hernandez","CLE",40,67,61,15,9,5,0,1,9,9,3,0,13,2,0,1,2,0,0,0.245901639,10556
2020,"Gio Urshela","NYY",23,37,30,7,5,2,0,0,3,1,7,0,6,0,0,0,2,0,0,0.233333333,10681
2020,"Corey Dickerson","MIA",30,55,52,11,7,1,0,3,5,5,2,0,14,0,0,0,1,1,0,0.211538461,10762
2020,"Jurickson Profar","SDP",42,73,68,20,16,1,0,3,9,9,4,0,11,0,1,0,0,1,0,0.294117647,10815
2020,"Jedd Gyorko","MIL",32,57,45,12,5,2,0,5,8,10,11,1,13,0,1,0,1,0,0,0.266666666,10816
2020,"Rangel Ravelo","STL",11,20,16,3,1,1,0,1,4,3,4,0,2,0,0,0,0,0,0,0.1875,10839
2020,"Andrelton Simmons","LAA",20,40,37,10,8,2,0,0,6,4,2,0,8,1,0,0,1,1,0,0.27027027,10847
2020,"Adam Duvall","ATL",27,50,47,13,5,5,0,3,8,7,2,0,13,1,0,0,1,0,0,0.276595744,10950
2020,"Phil Gosselin","PHI",32,62,54,15,10,3,0,2,8,9,8,1,14,0,0,0,3,0,0,0.277777777,10953
2020,"Kevin Kiermaier","TBR",17,21,19,3,2,1,0,0,2,5,2,0,6,0,0,0,1,0,0,0.157894736,11038
2020,"Christian Colon","CIN",7,11,10,2,1,1,0,0,3,0,1,0,1,0,0,0,0,1,0,0.2,11145
2020,"Kole Calhoun","ARI",30,54,48,11,5,2,0,4,8,11,2,0,17,3,1,0,2,0,0,0.229166666,11200
2020,"Adam Eaton","WSN",24,45,39,4,3,0,0,1,6,3,4,0,8,0,0,2,0,0,0,0.102564102,11205
2020,"Jonathan Schoop","DET",17,35,32,9,6,1,1,1,6,6,0,0,9,0,2,0,3,0,0,0.28125,11265
2020,"Whit Merrifield","KCR",29,58,54,16,11,4,0,1,9,3,4,0,4,0,0,0,1,3,2,0.296296296,11281
2020,"Bryan Holaday","BAL",7,12,12,1,1,0,0,0,1,0,0,0,3,0,0,0,1,0,0,0.083333333,11287
2020,"Jake Marisnick","NYM",7,17,16,6,3,2,0,1,2,3,1,0,3,0,0,0,0,0,0,0.375,11339
2020,"Jesus Aguilar","MIA",29,59,53,17,10,4,0,3,10,5,6,0,12,0,0,0,1,0,0,0.320754716,11342
2020,"Yasmani Grandal","CHW",20,37,28,8,6,0,0,2,6,8,7,0,10,0,2,0,0,0,0,0.285714285,11368
2020,"Delino DeShields","CLE",21,29,27,6,4,1,1,0,4,3,1,0,7,0,0,1,0,0,1,0.222222222,11379
2020,"Gary Sanchez","NYY",22,41,32,3,0,1,0,2,4,6,9,0,16,0,0,0,1,0,0,0.09375,11442
2020,"Mark Canha","OAK",27,56,42,14,8,5,1,0,9,5,11,1,10,2,1,0,1,3,0,0.333333333,11445
2020,"Tony Wolters","COL",17,24,19,3,3,0,0,0,1,1,3,0,8,1,0,1,1,0,0,0.157894736,11470
2020,"Christian Yelich","MIL",40,72,58,17,7,5,0,5,15,8,14,0,21,0,0,0,3,0,0,0.293103448,11477
2020,"Michael A. Taylor","WSN",19,32,29,5,1,2,0,2,7,4,2,0,11,1,0,0,0,0,0,0.172413793,11489
2020,"Manny Machado","SDP",30,71,64,20,14,1,0,5,9,10,7,0,11,0,0,0,2,2,2,0.3125,11493
2020,"Bryce Harper","PHI",33,72,57,16,9,3,0,4,12,10,13,0,19,1,0,1,1,2,0,0.280701754,11579
2020,"Willson Contreras","CHC",27,49,43,8,5,3,0,0,7,4,4,1,14,2,0,0,2,1,1,0.186046511,11609
2020,"Brandon Drury","TOR",11,23,23,6,5,1,0,0,2,0,0,0,4,0,0,0,0,0,0,0.260869565,11615
2020,"Elias Diaz","COL",15,28,26,6,4,1,0,1,2,5,2,0,4,0,0,0,0,0,0,0.23076923,11680
2020,"Nick Castellanos","CIN",31,54,51,12,6,2,1,3,10,10,2,1,10,1,0,0,2,0,1,0.235294117,11737
2020,"J.T. Realmuto","PHI",25,54,44,17,12,3,0,2,12,9,7,0,12,3,0,0,0,1,0,0.386363636,11739
2020,"Joc Pederson","LAD",8,10,9,3,3,0,0,0,2,0,1,0,2,0,0,0,0,0,0,0.333333333,11899
2020,"Hanser Alberto","BAL",24,53,48,18,13,4,0,1,7,7,2,0,9,1,2,0,2,2,0,0.375,11902
2020,"Joe Panik","TOR",24,39,33,10,8,2,0,0,5,3,5,0,9,1,0,0,1,0,0,0.303030303,11936
2020,"Travis Shaw","TOR",25,46,44,13,8,5,0,0,5,3,2,0,8,0,0,0,2,0,0,0.295454545,11982
2020,"Jon Berti","MIA",23,51,41,9,7,1,0,1,6,3,9,0,11,0,0,1,1,3,2,0.219512195,12037
2020,"Niko Goodrum","DET",18,37,33,11,4,4,1,2,6,7,3,0,10,0,1,0,2,2,0,0.333333333,12092
2020,"Max Kepler","MIN",33,53,47,6,4,2,0,0,5,4,5,0,13,0,1,0,0,0,0,0.127659574,12144
2020,"Nick Ahmed","ARI",37,67,62,17,11,4,0,2,9,9,5,0,13,0,0,0,1,2,0,0.274193548,12147
2020,"Eddie Rosario","MIN",30,57,55,13,11,2,0,0,6,8,2,0,8,0,0,0,1,1,1,0.236363636,12155
2020,"Austin Barnes","LAD",16,22,19,6,6,0,0,0,6,0,3,0,5,0,0,0,0,0,0,0.315789473,12158
2020,"Ben Gamel","MIL",19,24,21,5,3,2,0,0,4,0,3,0,8,0,0,0,0,0,2,0.238095238,12160
2020,"Xander Bogaerts","BOS",31,69,64,24,18,2,0,4,12,8,5,0,12,0,0,0,0,2,0,0.375,12161
2020,"Miguel Sano","MIN",25,47,44,7,3,2,0,2,8,3,3,0,23,0,0,0,2,0,0,0.159090909,12164
2020,"Jorge Bonifacio","DET",15,21,19,6,5,1,0,0,3,4,1,0,5,1,0,0,0,0,0,0.315789473,12174
2020,"Maikel Franco","KCR",29,48,44,14,10,3,0,1,5,7,4,0,8,0,0,0,0,0,0,0.318181818,12179
2020,"Jorge Alfaro","MIA",18,32,31,8,7,0,0,1,5,4,1,1,10,0,0,0,0,0,0,0.258064516,12180
2020,"Rougned Odor","TEX",24,51,48,5,2,1,0,2,4,7,2,0,16,1,0,0,1,0,0,0.104166666,12282
2020,"Kevan Smith","TBR",10,15,10,1,0,0,0,1,1,2,3,0,7,1,0,0,0,0,0,0.1,12284
2020,"Tommy La Stella","2 Tms",29,59,51,11,8,3,0,0,6,3,6,0,3,1,1,0,4,0,0,0.215686274,12371
2020,"Kevin Pillar","2 Tms",37,82,76,26,16,6,0,4,14,15,5,1,15,1,0,0,0,2,0,0.342105263,12434
2020,"Curt Casali","CIN",21,36,31,9,5,1,0,3,4,3,4,0,10,1,0,0,0,0,0,0.29032258,12510
2020,"Kolten Wong","STL",19,36,34,10,9,1,0,0,4,3,2,0,4,0,0,0,0,1,0,0.294117647,12532
2020,"Marcus Semien","OAK",20,54,49,11,6,1,0,4,10,10,5,0,14,0,0,0,0,1,0,0.224489795,12533
2020,"C.J. Cron","DET",7,13,13,2,0,1,0,1,2,2,0,0,5,0,0,0,0,0,0,0.153846153,12546
2020,"Eugenio Suarez","CIN",37,60,51,9,2,3,0,4,9,10,7,0,16,1,1,0,3,1,0,0.176470588,12552
2020,"Trevor Story","COL",36,76,64,21,14,1,1,5,15,9,12,1,13,0,0,0,2,7,1,0.328125,12564
2020,"Alex Dickerson","SFG",12,12,11,3,2,0,0,1,3,3,0,0,4,1,0,0,1,0,0,0.272727272,12649
2020,"Brad Miller","STL",16,20,17,3,2,0,0,1,4,1,2,0,7,1,0,0,0,0,0,0.176470588,12775
2020,"George Springer","HOU",25,56,48,11,6,1,0,4,8,7,6,0,11,0,1,0,0,1,0,0.229166666,12856
2020,"Brian Goodwin","2 Tms",28,41,38,6,3,1,0,2,5,2,2,0,14,1,0,0,0,0,0,0.157894736,12858
2020,"James McCann","CHW",17,36,28,12,8,2,0,2,11,6,4,0,5,3,1,0,0,0,0,0.428571428,12859
2020,"Anthony Rendon","LAA",33,73,59,17,8,5,0,4,12,12,14,1,8,0,0,0,5,0,0,0.288135593,12861
2020,"Gregory Polanco","PIT",29,42,36,5,3,1,0,1,2,4,5,0,16,0,0,0,0,0,0,0.138888888,12907
2020,"Francisco Lindor","CLE",35,66,58,17,12,5,0,0,5,4,4,0,3,3,1,0,2,1,0,0.293103448,12916
2020,"Brandon Nimmo","NYM",31,60,51,10,6,2,1,1,7,2,5,0,14,4,0,0,1,0,0,0.196078431,12927
2020,"Jose Osuna","PIT",14,26,24,7,4,2,0,1,1,4,2,0,2,0,0,0,0,0,0,0.291666666,12937
2020,"Phillip Evans","PIT",7,14,14,6,4,1,0,1,3,5,0,0,1,0,0,0,1,0,0,0.428571428,12950
2020,"Austin Hedges","2 Tms",17,26,23,3,2,1,0,0,0,1,3,0,9,0,0,0,1,1,0,0.130434782,12976
2020,"Michael Perez","TBR",8,11,8,4,4,0,0,0,2,3,3,0,2,0,0,0,1,0,0,0.5,12977
2020,"Javier Baez","CHC",35,59,55,12,6,4,0,2,7,7,2,0,16,1,1,0,4,0,0,0.218181818,12979
2020,"Jackie Bradley Jr.","BOS",38,69,59,17,10,4,0,3,9,5,10,0,14,0,0,0,1,2,1,0.288135593,12984
2020,"Teoscar Hernandez","TOR",28,55,51,14,7,2,0,5,9,9,4,0,19,0,0,0,1,0,0,0.274509803,13066
2020,"Yoenis Cespedes","NYM",6,12,10,0,0,0,0,0,1,0,1,0,5,1,0,0,0,0,0,0,13110
2020,"Josh Bell","PIT",35,62,50,9,7,0,0,2,6,6,8,1,17,1,3,0,1,0,0,0.18,13145
2020,"Jorge Polanco","MIN",31,57,55,19,15,3,0,1,6,7,1,0,5,0,1,0,3,0,0,0.345454545,13152
2020,"Orlando Arcia","MIL",29,54,47,9,4,4,0,1,5,5,7,0,10,0,0,0,2,0,0,0.191489361,13185
2020,"Mike Zunino","TBR",13,25,22,1,0,0,0,1,1,3,2,0,11,1,0,0,0,0,0,0.045454545,13265
2020,"Max Muncy","LAD",40,80,67,16,11,1,0,4,7,10,12,0,17,1,0,0,2,1,0,0.23880597,13301
2020,"Ildemaro Vargas","3 Tms",17,30,28,3,2,0,0,1,3,1,2,0,7,0,0,0,1,0,0,0.107142857,13324
2020,"Jake Lamb","2 Tms",11,20,17,3,1,1,0,1,1,4,1,0,1,2,0,0,0,0,1,0.176470588,13329
2020,"Omar Narvaez","MIL",16,20,19,4,3,1,0,0,1,0,1,0,8,0,0,0,0,0,0,0.210526315,13338
2020,"Bubba Starling","KCR",17,28,24,2,2,0,0,0,1,1,3,0,10,0,1,0,0,0,0,0.083333333,13356
2020,"Tyler Naquin","CLE",18,22,20,0,0,0,0,0,2,1,0,0,8,1,1,0,0,0,0,0,13359
2020,"Stephen Piscotty","OAK",24,52,48,11,9,2,0,0,3,4,2,0,12,0,1,1,0,0,0,0.229166666,13367
2020,"Erik Gonzalez","PIT",24,49,46,14,7,4,1,2,5,8,2,0,9,0,0,1,2,0,0,0.304347826,13369
2020,"Christian Walker","ARI",32,66,56,13,7,3,1,2,10,7,7,0,12,2,1,0,4,0,0,0.232142857,13419
2020,"Jose Ramirez","CLE",37,67,57,22,7,7,0,8,15,14,9,0,9,1,0,0,0,3,3,0.385964912,13510
2020,"Roman Quinn","PHI",19,36,34,7,3,1,1,2,4,4,2,0,8,0,0,0,0,1,0,0.205882352,13546
2020,"Jesse Winker","CIN",28,41,34,9,5,2,0,2,5,4,4,0,13,3,0,0,1,0,0,0.264705882,13590
2020,"Jose Peraza","BOS",27,50,46,9,5,3,1,0,3,1,4,0,6,0,0,0,1,1,1,0.195652173,13593
2020,"Mookie Betts","LAD",30,64,55,11,10,1,0,0,10,2,9,1,15,0,0,0,0,7,0,0.2,13611
2020,"Ketel Marte","ARI",23,54,52,22,13,7,1,1,6,3,1,0,4,1,0,0,1,0,0,0.423076923,13613
2020,"Carson Kelly","ARI",25,49,46,6,3,1,0,2,3,5,3,0,11,0,0,0,2,0,0,0.130434782,13620
2020,"Jeimer Candelario","DET",24,44,40,16,11,2,1,2,7,8,4,0,8,0,0,0,2,0,1,0.4,13621
2020,"Corey Seager","LAD",38,75,69,19,12,2,1,4,10,11,5,0,13,0,1,0,3,1,0,0.275362318,13624
2020,"Tyrone Taylor","MIL",12,18,16,4,2,2,0,0,3,1,2,0,2,0,0,0,1,0,0,0.25,13675
2020,"Jacob Stallings","PIT",20,41,34,11,6,4,0,1,5,9,7,0,9,0,0,0,1,0,0,0.323529411,13723
2020,"David Dahl","COL",17,33,32,5,5,0,0,0,5,1,1,0,10,0,0,0,0,0,0,0.15625,13744
2020,"Chris Taylor","LAD",30,60,50,10,6,2,0,2,4,9,10,0,16,0,0,0,0,1,0,0.2,13757
2020,"Adalberto Mondesi","KCR",30,55,53,17,7,4,2,4,10,10,2,0,11,0,0,0,1,3,3,0.320754716,13769
2020,"Rob Refsnyder","TEX",12,21,17,4,3,1,0,0,4,1,2,0,5,1,1,0,0,0,0,0.235294117,13770
2020,"Kevin Plawecki","BOS",14,30,30,11,8,2,0,1,3,6,0,0,1,0,0,0,1,0,0,0.366666666,13807
2020,"Joey Wendle","TBR",25,38,34,10,9,1,0,0,7,3,4,0,6,0,0,0,0,2,0,0.294117647,13853
2020,"Anthony Bemboom","LAA",14,23,18,2,1,0,0,1,2,3,2,0,7,1,1,1,0,0,0,0.111111111,13854
2020,"Tyler Heineman","SFG",8,10,7,2,2,0,0,0,0,1,3,0,1,0,0,0,0,1,0,0.285714285,13897
2020,"Rio Ruiz","BAL",23,39,38,11,8,1,0,2,5,6,1,0,10,0,0,0,0,0,1,0.289473684,14103
2020,"Albert Almora Jr.","CHC",7,12,10,2,2,0,0,0,1,0,1,0,2,1,0,0,0,0,0,0.2,14109
2020,"Joey Gallo","TEX",35,79,70,10,3,2,0,5,9,13,7,0,34,2,0,0,0,1,0,0.142857142,14128
2020,"Daniel Vogelbach","3 Tms",11,15,12,1,1,0,0,0,1,2,2,0,5,1,0,0,0,0,0,0.083333333,14130
2020,"Tim Lopes","SEA",33,59,55,12,6,4,0,2,5,5,3,0,15,1,0,0,2,2,0,0.218181818,14137
2020,"Daniel Robertson","SFG",6,12,11,4,4,0,0,0,1,1,1,0,2,0,0,0,0,0,0,0.363636363,14145
2020,"Byron Buxton","MIN",16,30,28,7,4,1,0,2,2,6,1,0,7,0,1,0,1,0,0,0.25,14161
2020,"Carlos Correa","HOU",37,68,61,17,13,2,0,2,9,7,6,1,18,1,0,0,0,0,0,0.278688524,14162
2020,"Andrew Velazquez","BAL",15,23,20,5,4,0,1,0,3,2,2,0,6,0,0,1,2,0,1,0.25,14196
2020,"Jorge Soler","KCR",12,20,19,5,2,3,0,0,1,4,1,0,6,0,0,0,1,0,0,0.263157894,14221
2020,"Anthony Alford","2 Tms",7,10,10,2,2,0,0,0,1,2,0,0,3,0,0,0,0,0,0,0.2,14329
2020,"Matt Olson","OAK",29,60,53,11,7,1,0,3,5,10,6,0,22,1,0,0,0,0,0,0.207547169,14344
2020,"Raimel Tapia","COL",31,59,55,20,15,4,1,0,6,8,2,0,11,1,1,0,0,1,0,0.363636363,14350
2020,"Lewis Brinson","MIA",27,54,50,13,6,5,0,2,7,7,4,0,12,0,0,0,1,1,0,0.26,14352
2020,"Ronald Guzman","TEX",14,19,18,3,1,1,1,0,1,2,0,0,5,1,0,0,0,0,0,0.166666666,14388
2020,"Scott Heineman","TEX",14,26,26,4,2,1,0,1,2,4,0,0,5,0,0,0,0,1,0,0.153846153,14453
2020,"Jake Cave","MIN",21,34,32,6,4,1,0,1,5,3,1,0,15,1,0,0,0,0,0,0.1875,14477
2020,"Renato Nunez","BAL",23,45,41,9,5,3,0,1,3,5,4,0,10,0,0,0,0,0,0,0.219512195,14503
2020,"Pedro Severino","BAL",21,43,37,6,3,1,0,2,4,5,6,0,9,0,0,0,0,0,0,0.162162162,14523
2020,"Anthony Santander","BAL",17,32,30,5,1,2,0,2,5,4,2,0,7,0,0,0,2,0,0,0.166666666,14551
2020,"Nomar Mazara","CHW",16,26,24,8,6,2,0,0,2,6,2,0,10,0,0,0,0,0,0,0.333333333,14553
2020,"Wyatt Mathisen","ARI",6,16,15,5,4,0,0,1,2,3,1,0,7,0,0,0,0,0,0,0.333333333,14555
2020,"Franmil Reyes","CLE",34,54,46,12,10,2,0,0,3,2,7,0,14,0,1,0,0,0,0,0.260869565,14566
2020,"David Bote","CHC",26,47,41,5,2,1,0,2,4,10,5,0,11,1,0,0,2,0,0,0.121951219,14593
2020,"Manuel Margot","TBR",23,40,36,8,6,1,0,1,8,2,4,0,5,0,0,0,0,3,2,0.222222222,14712
2020,"Phillip Ervin","2 Tms",27,50,41,5,5,0,0,0,5,2,8,0,9,1,0,0,2,0,0,0.121951219,14738
2020,"Luke Voit","NYY",27,53,48,11,5,0,0,6,9,12,5,0,12,0,0,0,1,0,0,0.229166666,14811
2020,"Kyle Farmer","CIN",14,26,25,10,8,2,0,0,1,3,1,0,2,0,0,0,0,0,0,0.4,14813
2020,"JaCoby Jones","DET",11,23,21,6,1,3,0,2,5,6,2,0,7,0,0,0,0,0,0,0.285714285,14818
2020,"Mike Yastrzemski","SFG",36,78,67,19,8,5,1,5,11,13,11,0,19,0,0,0,2,1,0,0.283582089,14854
2020,"Pat Valaika","BAL",24,48,43,12,7,1,0,4,8,4,5,0,12,0,0,0,1,0,0,0.279069767,14885
2020,"Andrew Knapp","PHI",10,16,16,5,4,1,0,0,2,2,0,0,2,0,0,0,0,0,0,0.3125,14942
2020,"Johan Camargo","ATL",16,31,30,7,5,1,0,1,4,1,0,0,9,1,0,0,0,0,0,0.233333333,14950
2020,"Victor Caratini","CHC",18,30,24,7,5,1,0,1,4,3,4,0,9,2,0,0,0,0,0,0.291666666,14968
2020,"Adam Engel","CHW",22,35,33,10,8,1,0,1,4,7,1,0,3,1,0,0,0,1,0,0.303030303,15082
2020,"Jonathan Davis","TOR",6,10,8,1,0,0,0,1,1,3,1,0,4,0,1,0,0,0,0,0.125,15104
2020,"Ryan McMahon","COL",35,57,52,10,4,1,1,4,9,10,4,0,17,1,0,0,1,0,0,0.192307692,15112
2020,"Hunter Dozier","KCR",18,29,24,6,3,3,0,0,5,1,5,0,9,0,0,0,0,0,0,0.25,15117
2020,"Tim Locastro","ARI",22,56,49,11,7,2,1,1,6,2,5,0,12,1,0,1,0,0,0,0.224489795,15124
2020,"Mitch Garver","MIN",12,26,23,7,6,0,0,1,4,1,3,0,7,0,0,0,1,0,0,0.304347826,15161
2020,"Josh VanMeter","2 Tms",11,14,11,2,1,1,0,0,1,0,2,0,6,1,0,0,0,0,0,0.181818181,15170
2020,"Tim Anderson","CHW",26,55,49,22,8,7,1,6,20,12,6,0,8,0,0,0,0,0,0,0.448979591,15172
2020,"Chad Pinder","OAK",14,26,25,4,2,0,0,2,3,5,1,0,6,0,0,0,2,0,0,0.16,15191
2020,"Adam Frazier","PIT",26,48,45,9,7,1,0,1,4,5,2,0,8,1,0,0,2,0,0,0.2,15223
2020,"Mike Tauchman","NYY",17,21,20,2,2,0,0,0,1,0,1,0,10,0,0,0,2,1,0,0.1,15274
2020,"Garrett Cooper","MIA",21,43,40,14,5,5,0,4,10,14,3,0,8,0,0,0,1,0,0,0.35,15279
2020,"Jeff McNeil","NYM",32,76,66,20,15,5,0,0,2,10,6,0,9,2,2,0,1,0,2,0.303030303,15362
2020,"Jack Mayfield","HOU",8,10,9,1,1,0,0,0,1,2,1,0,1,0,0,0,0,0,0,0.111111111,15402
2020,"Kris Bryant","CHC",20,35,28,8,5,3,0,0,4,2,5,0,5,2,0,0,0,0,0,0.285714285,15429
2020,"Hunter Renfroe","TBR",28,51,41,6,1,0,0,5,8,8,8,0,14,1,1,0,0,0,0,0.146341463,15464
2020,"Aristides Aquino","CIN",14,25,21,4,3,0,0,1,4,4,1,0,9,3,0,0,0,1,0,0.19047619,15482
2020,"Victor Reyes","DET",24,43,38,13,12,1,0,0,10,3,5,0,6,0,0,0,2,1,0,0.342105263,15487
2020,"J.P. Crawford","SEA",30,71,62,15,12,2,0,1,7,10,8,0,14,1,0,0,0,0,0,0.241935483,15491
2020,"Amed Rosario","NYM",27,60,57,18,15,1,1,1,9,9,3,0,5,0,0,0,2,0,1,0.315789473,15518
2020,"Franklin Barreto","2 Tms",9,13,12,1,1,0,0,0,2,1,0,0,7,1,0,0,0,1,0,0.083333333,15519
2020,"Joseph Odom","SEA",6,11,9,0,0,0,0,0,0,0,2,0,7,0,0,0,0,0,0,0,15535
2020,"Aaron Judge","NYY",14,28,25,6,3,0,0,3,5,8,2,0,9,1,0,0,2,0,0,0.24,15640
2020,"Dominic Smith","NYM",35,64,53,15,7,6,0,2,7,14,8,0,14,2,1,0,2,0,0,0.283018867,15653
2020,"Austin Meadows","TBR",23,41,35,5,4,1,0,0,1,6,4,0,15,0,2,0,0,0,0,0.142857142,15672
2020,"Reese McGuire","TOR",12,18,17,0,0,0,0,0,0,0,0,0,5,0,0,1,1,0,0,0,15674
2020,"Jose Abreu","CHW",31,57,52,13,5,4,0,4,7,17,4,0,12,1,0,0,3,0,0,0.25,15676
2020,"Rowdy Tellez","TOR",18,30,27,9,6,3,0,0,5,4,2,0,7,0,1,0,1,0,0,0.333333333,15679
2020,"Chance Sisco","BAL",13,15,12,2,0,0,0,2,3,4,2,0,8,1,0,0,0,0,0,0.166666666,15694
2020,"Tyler O'Neill","STL",19,30,26,4,3,1,0,0,2,5,4,0,7,0,0,0,1,1,0,0.153846153,15711
2020,"Tyler Wade","NYY",15,26,23,1,0,0,0,1,2,2,0,0,9,1,1,1,1,0,0,0.04347826,15730
2020,"Jose Marmolejos","SEA",17,27,24,4,3,0,0,1,2,2,2,0,8,1,0,0,0,0,0,0.166666666,15767
2020,"Miguel Andujar","NYY",14,27,26,8,6,1,0,1,3,3,1,0,3,0,0,0,0,0,0,0.307692307,15878
2020,"Luis Torrens","2 Tms",16,32,29,6,3,2,0,1,3,2,3,0,7,0,0,0,0,0,0,0.206896551,15905
2020,"Aledmys Diaz","HOU",11,20,20,4,3,1,0,0,1,0,0,0,4,0,0,0,0,0,0,0.2,15937
2020,"Austin Nola","2 Tms",25,58,52,10,6,2,1,1,4,4,5,1,11,1,0,0,0,0,0,0.192307692,15941
2020,"Travis Demeritte","DET",8,14,13,3,3,0,0,0,1,2,0,0,7,1,0,0,0,0,0,0.23076923,15958
2020,"Clint Frazier","NYY",19,38,33,9,5,2,0,2,6,6,3,0,9,2,0,0,3,1,0,0.272727272,15983
2020,"Willy Adames","TBR",31,53,47,15,6,7,0,2,11,7,6,0,17,0,0,0,2,1,0,0.319148936,15986
2020,"Cody Bellinger","LAD",41,83,74,16,11,2,0,3,11,8,9,0,19,0,0,0,0,1,0,0.216216216,15998
2020,"Austin Slater","SFG",23,49,38,12,7,1,0,4,11,6,11,0,5,0,0,0,0,3,0,0.315789473,16153
2020,"Kevin Cron","ARI",6,11,10,0,0,0,0,0,0,0,0,0,2,1,0,0,0,0,0,0,16211
2020,"J.D. Davis","NYM",40,83,68,16,9,5,0,2,11,4,13,1,17,2,0,0,2,0,0,0.235294117,16219
2020,"Trea Turner","WSN",29,64,56,21,11,4,2,4,18,12,8,0,8,0,0,0,1,3,1,0.375,16252
2020,"Oscar Mercado","CLE",22,30,28,3,1,1,0,1,2,2,0,0,8,0,1,1,0,0,0,0.107142857,16375
2020,"Michael Conforto","NYM",41,86,74,21,14,3,0,4,15,10,8,0,20,4,0,0,2,1,1,0.283783783,16376
2020,"Francisco Mejia","SDP",8,12,12,1,0,1,0,0,0,0,0,0,2,0,0,0,1,0,0,0.083333333,16403
2020,"Jordan Luplow","CLE",24,43,37,10,6,3,0,1,2,4,4,0,7,1,1,0,2,0,1,0.27027027,16424
2020,"Thairo Estrada","NYY",13,21,21,6,5,0,0,1,5,2,0,0,7,0,0,0,0,0,0,0.285714285,16426
2020,"Christian Arroyo","BOS",9,19,19,3,2,0,0,1,2,3,0,0,6,0,0,0,1,0,0,0.157894736,16434
2020,"Ryan O'Hearn","KCR",8,12,12,4,2,2,0,0,1,2,0,0,4,0,0,0,0,0,0,0.333333333,16442
2020,"Jacob Nottingham","MIL",9,17,14,4,1,0,0,3,5,8,2,0,5,1,0,0,1,0,0,0.285714285,16448
2020,"Luis Guillorme","NYM",8,10,8,1,1,0,0,0,0,0,2,0,4,0,0,0,0,0,0,0.125,16451
2020,"Rhys Hoskins","PHI",24,55,41,14,6,4,0,4,14,12,13,0,5,1,0,0,1,1,0,0.341463414,16472
2020,"Kyle Schwarber","CHC",35,61,53,10,8,0,0,2,3,4,6,0,22,2,0,0,1,0,0,0.188679245,16478
2020,"Matt Chapman","OAK",11,23,21,4,2,1,0,1,5,2,2,0,5,0,0,0,0,0,0,0.19047619,16505
2020,"Isiah Kiner-Falefa","TEX",32,66,59,22,18,2,1,1,12,7,6,0,8,0,1,0,0,1,1,0.372881355,16512
2020,"Ryan McBroom","KCR",21,32,30,8,3,1,0,4,5,6,2,0,12,0,0,0,1,0,0,0.266666666,16524
2020,"Mauricio Dubon","SFG",23,50,44,15,13,0,0,2,8,7,5,0,9,0,0,1,1,0,0,0.34090909,16530
2020,"Danny Jansen","TOR",28,48,39,4,2,1,0,1,4,6,5,0,12,1,1,2,0,0,0,0.102564102,16535
2020,"Shed Long Jr.","SEA",23,35,32,2,2,0,0,0,1,1,3,0,15,0,0,0,1,0,0,0.0625,16542
2020,"Ozzie Albies","ATL",15,29,28,6,5,1,0,0,5,3,1,0,7,0,0,0,0,1,0,0.214285714,16556
2020,"Yandy Diaz","TBR",24,45,34,9,7,2,0,0,2,3,11,1,7,0,0,0,1,0,0,0.264705882,16578
2020,"Luis Urias","MIL",20,37,34,9,6,2,1,0,5,1,2,0,10,1,0,0,4,1,2,0.264705882,16622
2020,"Jose Trevino","TEX",14,35,33,9,4,4,0,1,3,2,1,0,7,1,0,0,1,0,0,0.272727272,16725
2020,"Joshua Fuentes","COL",21,34,31,8,4,2,0,2,7,10,1,0,16,0,2,0,1,0,0,0.258064516,16885
2020,"Colin Moran","PIT",32,56,52,12,7,4,0,1,9,4,4,0,14,0,0,0,3,0,0,0.23076923,16909
2020,"Chadwick Tromp","SFG",14,28,28,9,6,1,0,2,8,5,0,0,7,0,0,0,3,0,0,0.321428571,16953
2020,"Gleyber Torres","NYY",19,40,34,8,5,2,0,1,3,5,5,0,6,1,0,0,1,0,0,0.235294117,16997
2020,"Alex Verdugo","BOS",39,82,75,24,19,4,0,1,9,3,6,0,22,1,0,0,0,0,0,0.32,17027
2020,"Grayson Greiner","DET",7,13,10,1,0,0,0,1,3,1,2,0,5,1,0,0,1,0,0,0.1,17062
2020,"Ramon Laureano","OAK",20,49,44,9,6,1,0,2,5,8,3,0,17,2,0,0,1,1,1,0.204545454,17128
2020,"Chad Wallach","MIA",6,13,10,5,2,2,0,1,3,4,2,0,2,0,0,1,0,0,0,0.5,17161
2020,"Monte Harrison","MIA",11,21,18,2,1,0,0,1,1,1,3,0,9,0,0,0,0,0,0,0.111111111,17216
2020,"Yoan Moncada","CHW",26,46,36,8,6,1,0,1,6,3,9,0,17,0,1,0,0,0,0,0.222222222,17232
2020,"Jorge Mateo","SDP",13,18,17,3,1,2,0,0,1,2,1,0,8,0,0,0,1,1,0,0.176470588,17273
2020,"Michael Chavis","BOS",28,57,52,11,8,0,1,2,5,6,3,0,18,0,2,0,3,1,0,0.211538461,17321
2020,"Cole Tucker","PIT",17,35,31,8,7,0,0,1,8,2,4,0,7,0,0,0,0,0,0,0.258064516,17326
2020,"Willi Castro","DET",14,25,23,9,7,1,0,1,4,3,2,0,5,0,0,0,0,0,0,0.391304347,17338
2020,"Rafael Devers","BOS",39,89,81,18,12,5,0,1,9,6,5,0,26,3,0,0,6,0,0,0.222222222,17350
2020,"Eloy Jimenez","CHW",23,46,45,13,9,0,0,4,5,9,1,0,13,0,0,0,2,0,0,0.288888888,17484
2020,"Taylor Ward","LAA",21,40,39,10,7,2,1,0,6,3,1,0,13,0,0,0,0,1,0,0.256410256,17548
2020,"Myles Straw","HOU",16,30,30,1,1,0,0,0,2,0,0,0,8,0,0,0,0,0,0,0.033333333,17620
2020,"Alex Bregman","HOU",24,56,47,15,7,6,0,2,7,5,8,1,4,0,1,0,2,0,0,0.319148936,17678
2020,"Vimael Machin","OAK",8,12,7,1,0,1,0,0,4,0,5,0,1,0,0,0,0,0,0,0.142857142,17684
2020,"Kevin Newman","PIT",18,36,29,8,7,0,0,1,5,5,5,0,2,1,1,0,0,0,0,0.275862068,17696
2020,"Christin Stewart","DET",7,10,9,2,1,1,0,0,1,1,0,0,5,1,0,0,0,0,0,0.222222222,17714
2020,"DJ Stewart","BAL",10,19,16,2,1,0,0,1,1,1,2,0,8,0,0,1,0,0,0,0.125,17766
2020,"Braden Bishop","SEA",8,18,17,4,2,2,0,0,2,2,1,0,7,0,0,0,0,1,0,0.235294117,17806
2020,"Willie Calhoun","TEX",12,22,19,7,7,0,0,0,0,4,1,0,2,1,1,0,0,0,0,0.368421052,17838
2020,"Andrew Benintendi","BOS",8,12,7,0,0,0,0,0,1,0,3,0,4,1,0,1,0,0,0,0,17901
2020,"Ian Happ","CHC",34,59,48,12,10,1,0,1,4,2,10,1,18,0,0,1,0,1,1,0.25,17919
2020,"Cedric Mullins","BAL",21,38,35,6,4,1,0,1,2,3,2,0,11,0,0,1,0,0,0,0.171428571,17929
2020,"Sam Hilliard","COL",23,31,31,6,5,0,0,1,2,2,0,0,11,0,0,0,0,0,0,0.193548387,17954
2020,"Scott Kingery","PHI",18,38,33,4,4,0,0,0,2,0,4,0,12,0,0,1,0,0,0,0.121212121,17975
2020,"Ty France","2 Tms",34,64,57,12,7,4,0,1,6,6,4,0,14,3,0,0,0,0,0,0.210526315,17982
2020,"Tyler Stephenson","CIN",6,10,9,1,0,0,0,1,2,2,0,0,6,1,0,0,0,0,0,0.111111111,17988
2020,"David Fletcher","LAA",32,77,69,24,16,7,0,1,9,8,8,0,5,0,0,0,2,0,0,0.347826086,17992
2020,"Paul DeJong","STL",17,29,24,3,3,0,0,0,5,1,4,0,8,1,0,0,1,0,0,0.125,18015
2020,"Harrison Bader","STL",19,28,25,9,3,3,1,2,7,4,0,0,4,3,0,0,1,0,0,0.36,18030
2020,"Mark Mathias","MIL",13,21,21,5,2,3,0,0,1,2,0,0,4,0,0,0,0,0,0,0.238095238,18032
2020,"Jake Cronenworth","SDP",34,61,55,12,10,2,0,0,9,1,6,0,14,0,0,0,0,0,0,0.218181818,18036
2020,"Dylan Moore","SEA",23,51,47,11,4,5,0,2,6,5,3,0,12,1,0,0,2,3,2,0.234042553,18042
2020,"Sam Haggerty","SEA",7,20,18,6,3,2,0,1,3,4,2,0,6,0,0,0,0,2,0,0.333333333,18054
2020,"Brian Anderson","MIA",33,64,56,16,12,2,0,2,7,8,6,1,15,1,1,0,1,0,0,0.285714285,18289
2020,"Dansby Swanson","ATL",29,47,43,8,5,3,0,0,7,4,4,0,14,0,0,0,0,1,0,0.186046511,18314
2020,"Edwin Rios","LAD",12,19,16,5,1,1,0,3,3,4,2,0,4,0,1,0,0,0,0,0.3125,18316
2020,"Kyle Tucker","HOU",39,73,69,15,9,1,1,4,10,11,4,0,13,0,0,0,1,0,0,0.217391304,18345
2020,"Austin Riley","ATL",26,46,41,10,4,4,0,2,5,5,4,1,14,0,1,0,2,0,0,0.243902439,18360
2020,"Victor Robles","WSN",27,53,46,15,12,2,1,0,6,5,4,0,12,2,0,1,0,2,0,0.326086956,18363
2020,"Lewin Diaz","MIA",7,12,12,0,0,0,0,0,0,0,0,0,6,0,0,0,1,0,0,0,18365
2020,"Ryan Mountcastle","BAL",18,34,30,8,6,2,0,0,2,2,3,0,7,0,1,0,0,0,0,0.266666666,18373
2020,"Ronald Acuna Jr.","ATL",19,42,31,7,3,3,0,1,7,8,11,1,13,0,0,0,0,1,1,0.225806451,18401
2020,"Trent Grisham","SDP",38,67,60,16,12,1,1,2,6,5,5,0,21,1,0,1,0,1,0,0.266666666,18564
2020,"Luis Arraez","MIN",17,30,26,6,6,0,0,0,3,4,4,0,1,0,0,0,1,0,0,0.23076923,18568
2020,"Ke'Bryan Hayes","PIT",11,23,22,11,6,4,0,1,5,3,0,0,3,1,0,0,1,1,0,0.5,18577
2020,"Jared Walsh","LAA",19,36,34,11,8,2,0,1,3,6,0,0,6,0,2,0,0,0,0,0.323529411,18607
2020,"Guillermo Heredia","2 Tms",9,15,12,3,3,0,0,0,4,0,3,0,2,0,0,0,0,1,0,0.25,18721
2020,"Brandon Lowe","TBR",35,60,50,15,6,3,0,6,11,9,6,0,14,4,0,0,0,1,0,0.3,18882
2020,"Danny Mendick","CHW",17,34,31,6,3,2,0,1,4,2,3,0,9,0,0,0,1,0,0,0.193548387,18889
2020,"Leody Taveras","TEX",19,45,39,11,7,3,0,1,7,1,6,0,14,0,0,0,0,1,0,0.282051282,18900
2020,"Will Smith","LAD",21,40,34,10,5,5,0,0,4,4,6,0,6,0,0,0,0,0,0,0.294117647,19197
2020,"Yuli Gurriel","HOU",34,66,62,18,9,5,0,4,11,8,2,0,5,1,1,0,3,0,1,0.29032258,19198
2020,"Lourdes Gurriel Jr.","TOR",29,68,63,18,10,5,0,3,8,11,4,0,15,0,1,0,0,0,0,0.285714285,19238
2020,"Pete Alonso","NYM",37,77,67,13,8,0,0,5,9,8,9,2,22,1,0,0,0,0,0,0.19402985,19251
2020,"Cavan Biggio","TOR",38,88,67,20,12,7,0,1,15,9,18,0,23,2,0,0,0,2,0,0.298507462,19252
2020,"Garrett Hampson","COL",34,72,66,14,12,0,1,1,8,5,4,0,22,0,0,2,0,2,1,0.212121212,19262
2020,"Randy Arozarena","TBR",12,23,20,8,4,0,0,4,4,5,1,0,2,2,0,0,1,0,0,0.4,19290
2020,"Nick Senzel","CIN",18,30,27,2,0,1,0,1,1,2,2,0,4,0,1,0,1,0,0,0.074074074,19293
2020,"Nick Solak","TEX",32,72,67,21,18,3,0,0,10,10,4,0,14,0,1,0,2,3,0,0.313432835,19294
2020,"Bryan Reynolds","PIT",29,48,41,8,4,3,1,0,7,3,7,0,14,0,0,0,0,0,0,0.195121951,19326
2020,"Nicky Lopez","KCR",33,51,44,6,5,0,0,1,3,5,5,0,11,1,0,1,0,0,0,0.136363636,19339
2020,"Eli White","TEX",10,22,21,1,1,0,0,0,1,0,1,0,8,0,0,0,0,1,0,0.047619047,19346
2020,"Sean Murphy","OAK",19,38,34,8,5,1,0,2,6,5,4,0,13,0,0,0,1,0,0,0.235294117,19352
2020,"Austin Hays","BAL",18,30,28,7,4,2,0,1,6,2,2,0,5,0,0,0,0,1,0,0.25,19363
2020,"Tommy Edman","STL",22,41,41,13,9,1,1,2,7,9,0,0,8,0,0,0,0,0,0,0.31707317,19470
2020,"Kyle Lewis","SEA",32,70,58,13,8,1,0,4,9,5,12,0,20,0,0,0,0,1,0,0.224137931,19508
2020,"Andrew Young","ARI",7,22,18,2,1,1,0,0,0,1,2,0,8,2,0,0,0,0,0,0.111111111,19521
2020,"Nathaniel Lowe","TBR",10,17,15,2,2,0,0,0,1,1,2,0,12,0,0,0,0,0,0,0.133333333,19566
2020,"Vladimir Guerrero Jr.","TOR",30,66,58,13,4,3,1,5,14,9,8,1,12,0,0,0,1,0,0,0.224137931,19611
2020,"Bo Bichette","TOR",16,31,30,10,7,2,0,1,3,8,1,1,9,0,0,0,0,2,0,0.333333333,19612
2020,"Mike Brosseau","TBR",22,47,42,14,5,5,0,4,7,10,2,0,14,2,1,0,0,0,0,0.333333333,19683
2020,"Edward Olivares","2 Tms",22,37,35,6,3,2,0,1,2,1,2,0,7,0,0,0,1,0,1,0.171428571,19698
2020,"Jake Noll","WSN",6,11,11,4,4,0,0,0,0,0,0,0,2,0,0,0,1,0,0,0.363636363,19703
2020,"Fernando Tatis Jr.","SDP",29,72,62,15,7,5,0,3,10,8,8,1,18,1,1,0,1,1,0,0.241935483,19709
2020,"Josh Rojas","ARI",14,29,27,6,6,0,0,0,5,0,2,0,8,0,0,0,0,0,0,0.222222222,19734
2020,"Shohei Ohtani","LAA",31,54,44,8,5,2,0,1,3,4,10,0,15,0,0,0,1,2,0,0.181818181,19755
2020,"Abraham Toro","HOU",16,26,23,4,2,1,0,1,6,2,0,0,8,3,0,0,0,0,0,0.173913043,19844
2020,"Luis Rengifo","LAA",21,39,36,4,3,0,0,1,5,1,2,0,9,0,0,1,0,0,1,0.111111111,19858
2020,"Adam Haseley","PHI",8,10,10,4,3,1,0,0,2,2,0,0,1,0,0,0,0,0,0,0.4,19878
2020,"Anderson Tejeda","TEX",12,21,21,4,3,0,0,1,1,2,0,0,9,0,0,0,1,1,0,0.19047619,19909
2020,"Daulton Varsho","ARI",20,36,35,5,4,1,0,0,3,4,1,0,12,0,0,0,0,0,0,0.142857142,19918
2020,"Andres Gimenez","NYM",17,26,23,6,5,0,0,1,4,1,2,0,6,1,0,0,0,0,0,0.260869565,19950
2020,"Gavin Lux","LAD",6,11,10,1,1,0,0,0,0,1,1,0,5,0,0,0,0,0,0,0.1,19955
2020,"Carter Kieboom","WSN",20,41,35,12,11,1,0,0,3,5,4,0,12,1,1,0,1,0,0,0.342857142,19958
2020,"Bobby Dalbec","BOS",13,28,27,8,2,3,0,3,4,7,1,0,14,0,0,0,0,0,0,0.296296296,19966
2020,"Santiago Espinal","TOR",15,35,34,11,8,3,0,0,3,2,0,0,7,0,0,1,1,0,0,0.323529411,19997
2020,"Keston Hiura","MIL",33,63,54,13,11,0,0,2,7,9,6,2,23,2,1,0,3,0,2,0.24074074,20003
2020,"Isaac Paredes","DET",13,17,16,7,7,0,0,0,0,2,1,0,4,0,0,0,0,0,0,0.4375,20036
2020,"Luis Robert Jr.","CHW",26,51,44,12,8,2,0,2,14,9,6,0,9,0,1,0,1,1,0,0.272727272,20043
2020,"Evan White","SEA",38,64,57,8,5,2,0,1,6,3,7,0,23,0,0,0,1,0,1,0.140350877,20078
2020,"Juan Soto","WSN",30,56,50,18,7,6,0,5,14,16,5,1,8,1,0,0,1,1,0,0.36,20123
2020,"Dylan Carlson","STL",11,14,11,2,1,1,0,0,1,3,2,0,4,0,1,0,0,0,0,0.181818181,20126
2020,"Jo Adell","LAA",24,44,41,7,4,1,0,2,4,3,2,0,21,1,0,0,1,0,0,0.170731707,20220
2020,"Jonathan Arauz","BOS",18,34,31,9,8,1,0,0,4,3,3,0,9,0,0,0,0,0,0,0.29032258,20275
2020,"Luis Garcia Jr.","WSN",18,35,35,5,5,0,0,0,2,1,0,0,13,0,0,0,0,0,0,0.142857142,20391
2020,"Jazz Chisholm Jr.","MIA",10,14,14,4,2,0,1,1,2,2,0,0,4,0,0,0,0,0,1,0.285714285,20454
2020,"Nick Madrigal","CHW",15,22,22,5,5,0,0,0,0,2,0,0,0,0,0,0,0,0,0,0.227272727,20521
2020,"Nico Hoerner","CHC",25,39,35,9,8,1,0,0,7,3,3,0,5,1,0,0,0,1,0,0.257142857,21479
2020,"Joey Bart","SFG",14,28,27,5,2,3,0,0,2,2,0,0,12,1,0,0,0,0,0,0.185185185,21524
2020,"Alec Bohm","PHI",26,43,37,10,5,3,0,2,4,5,5,0,5,0,1,0,0,0,0,0.27027027,21618
2020,"Sherten Apostel","TEX",5,12,11,1,0,1,0,0,0,0,1,0,5,0,0,0,0,0,0,0.09090909,21794
2020,"Jose Barrero","CIN",14,20,20,6,6,0,0,0,1,2,0,0,3,0,0,0,0,0,0,0.3,23378
2020,"Ryan Jeffers","MIN",15,24,20,6,6,0,0,0,1,1,2,0,8,2,0,0,0,0,0,0.3,24618
2020,"Yoshi Tsutsugo","TBR",26,43,37,9,6,1,0,2,6,4,5,0,16,1,0,0,0,0,0,0.243243243,27459
2020,"Shogo Akiyama","CIN",20,23,21,4,3,1,0,0,1,0,1,0,7,1,0,0,0,0,0,0.19047619,27461