<?xml version="1.0" encoding="UTF-8"?>
<fantasy_content xml:lang="en-US" yahoo:uri="http://fantasysports.yahooapis.com/fantasy/v2/league/nfl.l.629583/players;start=225;status=FA" time="26.764869689941ms" copyright="Data provided by Yahoo! and STATS, LLC" refresh_rate="60" xmlns:yahoo="http://www.yahooapis.com/v1/base.rng" xmlns="http://fantasysports.yahooapis.com/fantasy/v2/base.rng">
 <league>
  <league_key>399.l.629583</league_key>
  <league_id>629583</league_id>
  <name>Schickler's Deli</name>
  <url>https://football.fantasysports.yahoo.com/f1/629583</url>
  <logo_url></logo_url>
  <draft_status>postdraft</draft_status>
  <num_teams>12</num_teams>
  <edit_key>1</edit_key>
  <weekly_deadline/>
  <league_update_timestamp/>
  <scoring_type>head</scoring_type>
  <league_type>private</league_type>
  <renew>390_276544</renew>
  <renewed/>
  <iris_group_chat_id>G556NB4WQNALLDO32JA2LGUK2A</iris_group_chat_id>
  <allow_add_to_dl_extra_pos>1</allow_add_to_dl_extra_pos>
  <is_pro_league>0</is_pro_league>
  <is_cash_league>0</is_cash_league>
  <current_week>1</current_week>
  <start_week>1</start_week>
  <start_date>2020-09-10</start_date>
  <end_week>16</end_week>
  <end_date>2020-12-28</end_date>
  <game_code>nfl</game_code>
  <season>2020</season>
  <players/>
 </league>
</fantasy_content>
<!-- fantasy-sports-api- -public-production-bf1-7cc59556d6-jq97x Wed Sep  9 14:41:11 UTC 2020 -->
