{
    "adam vinatieri": [
        "Ind",
        "K",
        "3727"
    ],
    "josh mccown": [
        "Phi",
        "QB",
        "5967"
    ],
    "jason witten": [
        "LV",
        "TE",
        "6405"
    ],
    "philip rivers": [
        "Ind",
        "QB",
        "6763"
    ],
    "ben watson": [
        "NE",
        "TE",
        "6791"
    ],
    "matt schaub": [
        "Atl",
        "QB",
        "6849"
    ],
    "alex smith": [
        "Was",
        "QB",
        "7177"
    ],
    "frank gore": [
        "NYJ",
        "RB",
        "7241"
    ],
    "ryan fitzpatrick": [
        "Mia",
        "QB",
        "7426"
    ],
    "marcedes lewis": [
        "GB",
        "TE",
        "7777"
    ],
    "stephen gostkowski": [
        "Ten",
        "K",
        "7867"
    ],
    "delanie walker": [
        "Ten",
        "TE",
        "7924"
    ],
    "ted ginn jr.": [
        "Chi",
        "WR",
        "8263"
    ],
    "marshawn lynch": [
        "Sea",
        "RB",
        "8266"
    ],
    "greg olsen": [
        "Sea",
        "TE",
        "8285"
    ],
    "drew stanton": [
        "Cle",
        "QB",
        "8297"
    ],
    "nick folk": [
        "NE",
        "K",
        "8432"
    ],
    "mason crosby": [
        "GB",
        "K",
        "8447"
    ],
    "clark harris": [
        "Cin",
        "TE",
        "8497"
    ],
    "matt moore": [
        "KC",
        "QB",
        "8544"
    ],
    "joe flacco": [
        "NYJ",
        "QB",
        "8795"
    ],
    "chad henne": [
        "KC",
        "QB",
        "8834"
    ],
    "matthew slater": [
        "NE",
        "WR",
        "8930"
    ],
    "danny amendola": [
        "Det",
        "WR",
        "9037"
    ],
    "stephen hauschka": [
        "Buf",
        "K",
        "9066"
    ]
}