{
    "theo riddick": [
        "LV",
        "RB",
        "26822"
    ],
    "ryan griffin": [
        "TB",
        "QB",
        "26949"
    ],
    "josh hill": [
        "NO",
        "TE",
        "26950"
    ],
    "russell shepard": [
        "NYG",
        "WR",
        "27055"
    ],
    "jaron brown": [
        "SF",
        "WR",
        "27074"
    ],
    "brandon mcmanus": [
        "Den",
        "K",
        "27120"
    ],
    "tyler bray": [
        "Chi",
        "QB",
        "27170"
    ],
    "demetrius harris": [
        "Chi",
        "TE",
        "27174"
    ],
    "marqueis gray": [
        "SF",
        "TE",
        "27213"
    ],
    "brett maher": [
        "NYJ",
        "K",
        "27369"
    ],
    "james winchester": [
        "KC",
        "TE",
        "27494"
    ],
    "blake bortles": [
        "LAR",
        "QB",
        "27531"
    ],
    "teddy bridgewater": [
        "Car",
        "QB",
        "27560"
    ],
    "derek carr": [
        "LV",
        "QB",
        "27564"
    ],
    "marqise lee": [
        "NE",
        "WR",
        "27567"
    ],
    "jordan matthews": [
        "SF",
        "WR",
        "27570"
    ],
    "paul richardson jr.": [
        "Sea",
        "WR",
        "27573"
    ],
    "jeremy hill": [
        "LV",
        "RB",
        "27583"
    ],
    "cody latimer": [
        "Was",
        "WR",
        "27584"
    ],
    "jimmy garoppolo": [
        "SF",
        "QB",
        "27590"
    ],
    "donte moncrief": [
        "NYJ",
        "WR",
        "27618"
    ],
    "jerick mckinnon": [
        "SF",
        "RB",
        "27624"
    ],
    "richard rodgers": [
        "Was",
        "TE",
        "27626"
    ],
    "devonta freeman": [
        "Atl",
        "RB",
        "27631"
    ]
}