{
    "justin watson": [
        "TB",
        "WR",
        "31114"
    ],
    "troy fumagalli": [
        "Den",
        "TE",
        "31126"
    ],
    "tyler conklin": [
        "Min",
        "TE",
        "31127"
    ],
    "reece fountain": [
        "Ind",
        "WR",
        "31129"
    ],
    "jaylen samuels": [
        "Pit",
        "RB",
        "31135"
    ],
    "daniel carlson": [
        "LV",
        "K",
        "31137"
    ],
    "jordan wilkins": [
        "Ind",
        "RB",
        "31139"
    ],
    "mike white": [
        "NYJ",
        "QB",
        "31141"
    ],
    "john kelly": [
        "LAR",
        "RB",
        "31145"
    ],
    "damion ratley": [
        "NYG",
        "WR",
        "31148"
    ],
    "deon cain": [
        "Pit",
        "WR",
        "31155"
    ],
    "ray-ray mccloud iii": [
        "Pit",
        "WR",
        "31157"
    ],
    "dylan cantrell": [
        "Ari",
        "WR,TE",
        "31161"
    ],
    "russell gage": [
        "Atl",
        "WR",
        "31164"
    ],
    "trenton cannon": [
        "Car",
        "RB",
        "31174"
    ],
    "equanimeous st. brown": [
        "GB",
        "WR",
        "31177"
    ],
    "cedrick wilson": [
        "Dal",
        "WR",
        "31178"
    ],
    "braxton berrios": [
        "NYJ",
        "WR",
        "31180"
    ],
    "jordan thomas": [
        "Ari",
        "TE",
        "31181"
    ],
    "danny etling": [
        "Sea",
        "QB",
        "31189"
    ],
    "alex mcgough": [
        "Hou",
        "QB",
        "31190"
    ],
    "javon wims": [
        "Chi",
        "WR",
        "31194"
    ],
    "marcell ateman": [
        "LV",
        "WR",
        "31198"
    ],
    "jason sanders": [
        "Mia",
        "K",
        "31199"
    ],
    "bo scarbrough": [
        "Det",
        "RB",
        "31206"
    ]
}