{
    "bryant mitchell": [
        "TB",
        "WR",
        "31816"
    ],
    "christian wade": [
        "Buf",
        "RB",
        "31822"
    ],
    "jakob johnson": [
        "NE",
        "RB",
        "31826"
    ],
    "elliott fry": [
        "TB",
        "K",
        "31831"
    ],
    "ishmael hyman": [
        "Car",
        "WR",
        "31832"
    ],
    "daniel jones": [
        "NYG",
        "QB",
        "31838"
    ],
    "dwayne haskins jr.": [
        "Was",
        "QB",
        "31847"
    ],
    "drew lock": [
        "Den",
        "QB",
        "31874"
    ],
    "irv smith jr.": [
        "Min",
        "TE",
        "31882"
    ],
    "drew sample": [
        "Cin",
        "TE",
        "31884"
    ],
    "jj arcega-whiteside": [
        "Phi",
        "WR",
        "31889"
    ],
    "andy isabella": [
        "Ari",
        "WR",
        "31894"
    ],
    "jalen hurd": [
        "SF",
        "WR",
        "31899"
    ],
    "josh oliver": [
        "Jax",
        "TE",
        "31901"
    ],
    "jace sternberger": [
        "GB",
        "TE",
        "31907"
    ],
    "kahale warring": [
        "Hou",
        "TE",
        "31918"
    ],
    "miles boykin": [
        "Bal",
        "WR",
        "31925"
    ],
    "dawson knox": [
        "Buf",
        "TE",
        "31928"
    ],
    "will grier": [
        "Car",
        "QB",
        "31932"
    ],
    "hakeem butler": [
        "Ari",
        "WR",
        "31935"
    ],
    "ryan finley": [
        "Cin",
        "QB",
        "31936"
    ],
    "justice hill": [
        "Bal",
        "RB",
        "31945"
    ],
    "gary jennings": [
        "Mia",
        "WR",
        "31952"
    ],
    "trevon wesco": [
        "NYJ",
        "TE",
        "31953"
    ],
    "riley ridley": [
        "Chi",
        "WR",
        "31958"
    ]
}