{
    "bruce miller": [
        "Jax",
        "RB",
        "24998"
    ],
    "dontrelle inman": [
        "Was",
        "WR",
        "25120"
    ],
    "patrick dimarco": [
        "Buf",
        "RB",
        "25158"
    ],
    "chris hogan": [
        "NYJ",
        "WR",
        "25178"
    ],
    "kyle nelson": [
        "SF",
        "TE",
        "25291"
    ],
    "nick bellore": [
        "Sea",
        "RB",
        "25295"
    ],
    "patrick scales": [
        "Chi",
        "TE",
        "25370"
    ],
    "dan bailey": [
        "Min",
        "K",
        "25427"
    ],
    "kai forbath": [
        "Dal",
        "K",
        "25648"
    ],
    "robert griffin iii": [
        "Bal",
        "QB",
        "25712"
    ],
    "ryan tannehill": [
        "Ten",
        "QB",
        "25718"
    ],
    "alshon jeffery": [
        "Phi",
        "WR",
        "25755"
    ],
    "mohamed sanu": [
        "NE",
        "WR",
        "25793"
    ],
    "nick foles": [
        "Chi",
        "QB",
        "25798"
    ],
    "lamar miller": [
        "NE",
        "RB",
        "25807"
    ],
    "travis benjamin": [
        "SF",
        "WR",
        "25810"
    ],
    "kirk cousins": [
        "Min",
        "QB",
        "25812"
    ],
    "robert turbin": [
        "Sea",
        "RB",
        "25816"
    ],
    "jarius wright": [
        "Car",
        "WR",
        "25828"
    ],
    "rhett ellison": [
        "NYG",
        "TE",
        "25838"
    ],
    "randy bullock": [
        "Cin",
        "K",
        "25871"
    ],
    "brittan golden": [
        "NYG",
        "WR",
        "25970"
    ],
    "jermaine kearse": [
        "Det",
        "WR",
        "25991"
    ],
    "beau brinkley": [
        "Ten",
        "TE",
        "26016"
    ],
    "bradley sowell": [
        "Chi",
        "TE",
        "26050"
    ]
}