{
    "kerrith whyte jr.": [
        "Pit",
        "RB",
        "32054"
    ],
    "isaac nauta": [
        "Det",
        "TE",
        "32056"
    ],
    "tommy sweeney": [
        "Buf",
        "TE",
        "32060"
    ],
    "alize mack": [
        "KC",
        "TE",
        "32063"
    ],
    "chandler cox": [
        "Mia",
        "RB",
        "32065"
    ],
    "myles gaskin": [
        "Mia",
        "RB",
        "32066"
    ],
    "john ursua": [
        "Sea",
        "WR",
        "32068"
    ],
    "terry godwin": [
        "Jax",
        "WR",
        "32069"
    ],
    "dillon mitchell": [
        "Min",
        "WR",
        "32071"
    ],
    "olabisi johnson": [
        "Min",
        "WR",
        "32079"
    ],
    "caleb wilson": [
        "Phi",
        "TE",
        "32086"
    ],
    "carson meier": [
        "Atl",
        "TE",
        "32094"
    ],
    "michael walker": [
        "Jax",
        "WR",
        "32101"
    ],
    "jayson stanley": [
        "Sea",
        "WR",
        "32120"
    ],
    "olamide zaccheaus": [
        "Atl",
        "WR",
        "32123"
    ],
    "alex bachman": [
        "NYG",
        "WR",
        "32124"
    ],
    "kendall blanton": [
        "LAR",
        "TE",
        "32125"
    ],
    "nsimba webster": [
        "LAR",
        "WR",
        "32137"
    ],
    "jake browning": [
        "Min",
        "QB",
        "32138"
    ],
    "khari blasingame": [
        "Ten",
        "RB",
        "32140"
    ],
    "davion davis": [
        "Min",
        "WR",
        "32141"
    ],
    "brandon dillon": [
        "Min",
        "TE",
        "32142"
    ],
    "alexander hollins": [
        "Min",
        "WR",
        "32143"
    ],
    "elijah holyfield": [
        "Phi",
        "RB",
        "32148"
    ],
    "damion jeanpiere jr.": [
        "Car",
        "WR",
        "32150"
    ]
}