{
    "greg dortch": [
        "LAR",
        "WR",
        "32523"
    ],
    "jalin moore jr.": [
        "NYJ",
        "RB",
        "32528"
    ],
    "jeff smith": [
        "NYJ",
        "WR",
        "32533"
    ],
    "jeremy cox": [
        "Den",
        "RB",
        "32541"
    ],
    "daniel helm": [
        "KC",
        "TE",
        "32543"
    ],
    "jason moore": [
        "LAC",
        "WR",
        "32547"
    ],
    "matt sokol": [
        "Det",
        "TE",
        "32551"
    ],
    "trevion thompson": [
        "Ten",
        "WR",
        "32553"
    ],
    "ventell bryant": [
        "Dal",
        "WR",
        "32556"
    ],
    "tony brooks-james": [
        "Min",
        "RB",
        "32559"
    ],
    "spencer schnell": [
        "TB",
        "WR",
        "32560"
    ],
    "tom kennedy": [
        "Det",
        "WR",
        "32561"
    ],
    "charles jones": [
        "Jax",
        "TE",
        "32565"
    ],
    "jesper horsted": [
        "Chi",
        "TE",
        "32576"
    ],
    "devlin hodges": [
        "Pit",
        "QB",
        "32581"
    ],
    "parker hesse": [
        "Ten",
        "TE",
        "32588"
    ],
    "craig reynolds": [
        "Atl",
        "RB",
        "32596"
    ],
    "jody fortson": [
        "KC",
        "WR",
        "32600"
    ],
    "dernest johnson": [
        "Cle",
        "RB",
        "32608"
    ],
    "gunner olszewski": [
        "NE",
        "WR",
        "32612"
    ],
    "taj mcgowan": [
        "Jax",
        "RB",
        "32615"
    ],
    "acacedric ware": [
        "TB",
        "RB",
        "32629"
    ],
    "derrick gore": [
        "LAC",
        "RB",
        "32630"
    ],
    "jordan taamu": [
        "KC",
        "QB",
        "32642"
    ],
    "chris streveler": [
        "Ari",
        "QB",
        "32662"
    ]
}