{
    "albert okwuegbunam": [
        "Den",
        "TE",
        "32788"
    ],
    "lamical perine": [
        "NYJ",
        "RB",
        "32790"
    ],
    "jacob eason": [
        "Ind",
        "QB",
        "32792"
    ],
    "anthony mcfarland jr.": [
        "Pit",
        "RB",
        "32794"
    ],
    "james morgan": [
        "NYJ",
        "QB",
        "32795"
    ],
    "gabriel davis": [
        "Buf",
        "WR",
        "32798"
    ],
    "colby parkinson": [
        "Sea",
        "TE",
        "32803"
    ],
    "brycen hopkins": [
        "LAR",
        "TE",
        "32806"
    ],
    "antonio gandy-golden": [
        "Was",
        "WR",
        "32812"
    ],
    "deejay dallas": [
        "Sea",
        "RB",
        "32814"
    ],
    "joe reed": [
        "LAC",
        "WR",
        "32821"
    ],
    "justin rohrwasser": [
        "NE",
        "K",
        "32829"
    ],
    "tyler johnson": [
        "TB",
        "WR",
        "32831"
    ],
    "collin johnson": [
        "Jax",
        "WR",
        "32835"
    ],
    "quintez cephus": [
        "Det",
        "WR",
        "32836"
    ],
    "jake fromm": [
        "Buf",
        "QB",
        "32837"
    ],
    "john hightower": [
        "Phi",
        "WR",
        "32838"
    ],
    "isaiah coulter": [
        "Hou",
        "WR",
        "32841"
    ],
    "jason huntley": [
        "Phi",
        "RB",
        "32842"
    ],
    "darnell mooney": [
        "Chi",
        "WR",
        "32843"
    ],
    "k.j. osborn": [
        "Min",
        "WR",
        "32846"
    ],
    "donovan peoples-jones": [
        "Cle",
        "WR",
        "32857"
    ],
    "tyler bass": [
        "Buf",
        "K",
        "32858"
    ],
    "jake luton": [
        "Jax",
        "QB",
        "32859"
    ],
    "charlie woerner": [
        "SF",
        "TE",
        "32860"
    ]
}